{
    "RoBERTa": {
        "objective": 0.4788732394366197,
        "hyperparameters": {
            "learning_rate": 2.132434171951195e-05,
            "weight_decay": 0.0798457371027612,
            "class_weight_pos": 8.567344860075119,
            "batch_size": 32,
            "num_train_epochs": 4
        }
    },
    "DistilBERT": {
        "objective": 0.39473684210526316,
        "hyperparameters": {
            "learning_rate": 2.1647883049730073e-05,
            "weight_decay": 0.04910889965504239,
            "class_weight_pos": 8.992252623188367,
            "batch_size": 32,
            "num_train_epochs": 4
        }
    },
    "DeBERTa": {
        "objective": 0.20408163265306123,
        "hyperparameters": {
            "learning_rate": 5.736306070889643e-06,
            "weight_decay": 0.1763586695186039
        }
    }
}